-- phpMyAdmin SQL Dump
-- version 5.2.1
-- https://www.phpmyadmin.net/
--
-- Host: 127.0.0.1:3306
-- Generation Time: Dec 26, 2025 at 01:30 PM
-- Server version: 9.1.0
-- PHP Version: 8.4.0

SET SQL_MODE = "NO_AUTO_VALUE_ON_ZERO";
START TRANSACTION;
SET time_zone = "+00:00";


/*!40101 SET @OLD_CHARACTER_SET_CLIENT=@@CHARACTER_SET_CLIENT */;
/*!40101 SET @OLD_CHARACTER_SET_RESULTS=@@CHARACTER_SET_RESULTS */;
/*!40101 SET @OLD_COLLATION_CONNECTION=@@COLLATION_CONNECTION */;
/*!40101 SET NAMES utf8mb4 */;

--
-- Database: `farm2society_db`
--

-- --------------------------------------------------------

--
-- Table structure for table `delivery_status`
--

DROP TABLE IF EXISTS `delivery_status`;
CREATE TABLE IF NOT EXISTS `delivery_status` (
  `delivery_id` int NOT NULL AUTO_INCREMENT,
  `order_id` int NOT NULL,
  `status` varchar(50) NOT NULL,
  `updated_time` timestamp NULL DEFAULT CURRENT_TIMESTAMP ON UPDATE CURRENT_TIMESTAMP,
  PRIMARY KEY (`delivery_id`),
  KEY `order_id` (`order_id`)
) ENGINE=MyISAM DEFAULT CHARSET=utf8mb4 COLLATE=utf8mb4_0900_ai_ci;

-- --------------------------------------------------------

--
-- Table structure for table `orders`
--

DROP TABLE IF EXISTS `orders`;
CREATE TABLE IF NOT EXISTS `orders` (
  `order_id` int NOT NULL AUTO_INCREMENT,
  `consumer_id` int NOT NULL,
  `order_date` timestamp NULL DEFAULT CURRENT_TIMESTAMP,
  `total_amount` decimal(10,2) NOT NULL,
  `order_status` enum('Pending','Packed','Delivered','Cancelled') DEFAULT 'Pending',
  PRIMARY KEY (`order_id`),
  KEY `consumer_id` (`consumer_id`)
) ENGINE=MyISAM AUTO_INCREMENT=162 DEFAULT CHARSET=utf8mb4 COLLATE=utf8mb4_0900_ai_ci;

--
-- Dumping data for table `orders`
--

INSERT INTO `orders` (`order_id`, `consumer_id`, `order_date`, `total_amount`, `order_status`) VALUES
(1, 2, '2025-12-23 12:45:49', 250.00, 'Pending'),
(2, 3, '2025-12-23 12:45:49', 320.00, 'Delivered'),
(3, 4, '2025-12-23 12:45:49', 180.00, 'Packed'),
(4, 5, '2025-12-23 12:45:49', 400.00, 'Pending'),
(5, 2, '2025-12-23 12:45:49', 220.00, 'Delivered'),
(6, 3, '2025-12-23 12:45:49', 310.00, 'Packed'),
(7, 4, '2025-12-23 12:45:49', 275.00, 'Pending'),
(8, 5, '2025-12-23 12:45:49', 360.00, 'Delivered'),
(9, 2, '2025-12-23 12:45:49', 200.00, 'Packed'),
(10, 3, '2025-12-23 12:45:49', 380.00, 'Pending'),
(11, 4, '2025-12-23 12:45:49', 240.00, 'Delivered'),
(12, 5, '2025-12-23 12:45:49', 290.00, 'Packed'),
(13, 2, '2025-12-23 12:45:49', 330.00, 'Pending'),
(14, 3, '2025-12-23 12:45:49', 260.00, 'Delivered'),
(15, 4, '2025-12-23 12:45:49', 310.00, 'Packed'),
(16, 5, '2025-12-23 12:45:49', 195.00, 'Pending'),
(17, 2, '2025-12-23 12:45:49', 280.00, 'Delivered'),
(18, 3, '2025-12-23 12:45:49', 350.00, 'Packed'),
(19, 4, '2025-12-23 12:45:49', 225.00, 'Pending'),
(20, 5, '2025-12-23 12:45:49', 400.00, 'Delivered'),
(21, 9, '2025-12-23 12:49:50', 220.00, 'Pending'),
(22, 9, '2025-12-23 13:48:58', 25.00, 'Delivered'),
(23, 10, '2025-12-23 14:02:33', 70.00, 'Delivered'),
(24, 10, '2025-12-23 16:51:04', 40.00, 'Pending'),
(25, 10, '2025-12-23 16:51:31', 100.00, 'Packed'),
(26, 10, '2025-12-24 04:23:40', 60.00, 'Delivered'),
(27, 13, '2025-01-28 14:47:00', 145.00, 'Delivered'),
(28, 19, '2025-01-07 10:29:00', 590.00, 'Delivered'),
(29, 20, '2025-01-17 05:36:00', 605.00, 'Delivered'),
(30, 16, '2025-01-07 04:13:00', 115.00, 'Delivered'),
(31, 12, '2025-01-07 14:13:00', 520.00, 'Delivered'),
(32, 12, '2025-01-22 11:12:00', 215.00, 'Delivered'),
(33, 19, '2025-01-17 11:25:00', 175.00, 'Delivered'),
(34, 16, '2025-01-05 11:47:00', 57.50, 'Delivered'),
(35, 18, '2025-01-12 12:27:00', 275.00, 'Packed'),
(36, 19, '2025-01-07 08:16:00', 560.00, 'Delivered'),
(37, 21, '2025-01-06 08:33:00', 315.00, 'Packed'),
(38, 14, '2025-01-18 09:54:00', 165.00, 'Delivered'),
(39, 12, '2025-01-07 08:25:00', 470.00, 'Cancelled'),
(40, 11, '2025-02-12 12:19:00', 17.50, 'Delivered'),
(41, 18, '2025-02-27 07:51:00', 570.00, 'Delivered'),
(42, 11, '2025-02-26 10:58:00', 165.00, 'Delivered'),
(43, 9, '2025-02-14 03:55:00', 210.00, 'Delivered'),
(44, 18, '2025-02-27 10:56:00', 135.00, 'Delivered'),
(45, 14, '2025-02-20 13:16:00', 132.50, 'Pending'),
(46, 21, '2025-02-22 14:20:00', 120.00, 'Delivered'),
(47, 15, '2025-02-19 03:25:00', 600.00, 'Delivered'),
(48, 17, '2025-02-23 06:06:00', 172.50, 'Pending'),
(49, 12, '2025-03-04 11:40:00', 495.00, 'Delivered'),
(50, 11, '2025-03-24 14:17:00', 315.00, 'Delivered'),
(51, 13, '2025-03-11 12:57:00', 325.00, 'Delivered'),
(52, 19, '2025-03-03 09:06:00', 200.00, 'Pending'),
(53, 19, '2025-03-15 06:33:00', 10.00, 'Delivered'),
(54, 14, '2025-03-19 14:53:00', 540.00, 'Delivered'),
(55, 20, '2025-03-14 10:54:00', 130.00, 'Delivered'),
(56, 14, '2025-03-23 05:47:00', 305.00, 'Pending'),
(57, 12, '2025-03-13 15:27:00', 182.50, 'Delivered'),
(58, 12, '2025-03-10 14:36:00', 560.00, 'Delivered'),
(59, 17, '2025-03-16 04:09:00', 155.00, 'Delivered'),
(60, 11, '2025-03-18 14:03:00', 20.00, 'Delivered'),
(61, 10, '2025-04-16 08:23:00', 165.00, 'Delivered'),
(62, 15, '2025-04-14 10:28:00', 80.00, 'Pending'),
(63, 18, '2025-04-19 08:16:00', 90.00, 'Delivered'),
(64, 11, '2025-04-13 05:04:00', 310.00, 'Delivered'),
(65, 12, '2025-04-20 08:39:00', 190.00, 'Delivered'),
(66, 10, '2025-04-04 04:43:00', 295.00, 'Delivered'),
(67, 17, '2025-04-14 08:03:00', 197.50, 'Delivered'),
(68, 21, '2025-05-07 04:46:00', 45.00, 'Delivered'),
(69, 14, '2025-05-27 03:31:00', 95.00, 'Delivered'),
(70, 15, '2025-05-06 08:05:00', 205.00, 'Packed'),
(71, 16, '2025-05-14 05:52:00', 225.00, 'Delivered'),
(72, 19, '2025-05-15 05:42:00', 72.50, 'Delivered'),
(73, 19, '2025-05-28 06:29:00', 90.00, 'Pending'),
(74, 11, '2025-05-21 10:37:00', 550.00, 'Delivered'),
(75, 16, '2025-05-28 07:51:00', 300.00, 'Delivered'),
(76, 21, '2025-05-08 08:50:00', 155.00, 'Delivered'),
(77, 21, '2025-05-19 09:51:00', 315.00, 'Packed'),
(78, 11, '2025-05-06 06:51:00', 150.00, 'Delivered'),
(79, 21, '2025-06-18 10:25:00', 390.00, 'Delivered'),
(80, 20, '2025-06-22 15:27:00', 180.00, 'Delivered'),
(81, 9, '2025-06-01 12:41:00', 275.00, 'Delivered'),
(82, 17, '2025-06-04 10:52:00', 487.50, 'Pending'),
(83, 12, '2025-06-06 12:05:00', 120.00, 'Delivered'),
(84, 11, '2025-06-19 07:31:00', 302.50, 'Delivered'),
(85, 13, '2025-06-17 02:36:00', 370.00, 'Delivered'),
(86, 10, '2025-06-04 03:40:00', 285.00, 'Delivered'),
(87, 11, '2025-06-22 09:22:00', 20.00, 'Delivered'),
(88, 18, '2025-06-10 09:21:00', 110.00, 'Delivered'),
(89, 9, '2025-06-26 14:56:00', 210.00, 'Delivered'),
(90, 11, '2025-06-04 09:08:00', 15.00, 'Delivered'),
(91, 16, '2025-06-04 14:18:00', 180.00, 'Delivered'),
(92, 19, '2025-06-19 07:37:00', 320.00, 'Delivered'),
(93, 11, '2025-06-28 12:16:00', 115.00, 'Delivered'),
(94, 9, '2025-07-06 03:28:00', 480.00, 'Packed'),
(95, 9, '2025-07-14 10:53:00', 140.00, 'Delivered'),
(96, 17, '2025-07-02 06:01:00', 467.50, 'Delivered'),
(97, 11, '2025-07-03 04:44:00', 622.50, 'Delivered'),
(98, 9, '2025-07-17 03:10:00', 680.00, 'Delivered'),
(99, 14, '2025-07-15 12:22:00', 525.00, 'Delivered'),
(100, 10, '2025-07-10 07:22:00', 85.00, 'Delivered'),
(101, 10, '2025-07-18 13:31:00', 220.00, 'Cancelled'),
(102, 9, '2025-07-26 03:43:00', 135.00, 'Delivered'),
(103, 20, '2025-07-20 13:43:00', 340.00, 'Delivered'),
(104, 20, '2025-07-05 11:26:00', 330.00, 'Delivered'),
(105, 10, '2025-07-24 12:29:00', 25.00, 'Delivered'),
(106, 13, '2025-07-21 13:18:00', 275.00, 'Delivered'),
(107, 18, '2025-07-20 09:05:00', 485.00, 'Delivered'),
(108, 14, '2025-08-25 10:40:00', 265.00, 'Cancelled'),
(109, 19, '2025-08-20 12:08:00', 120.00, 'Delivered'),
(110, 19, '2025-08-22 14:37:00', 320.00, 'Cancelled'),
(111, 16, '2025-08-07 14:21:00', 120.00, 'Delivered'),
(112, 10, '2025-08-15 07:28:00', 475.00, 'Pending'),
(113, 13, '2025-08-07 10:06:00', 165.00, 'Delivered'),
(114, 9, '2025-08-05 14:56:00', 165.00, 'Delivered'),
(115, 9, '2025-08-19 14:41:00', 125.00, 'Delivered'),
(116, 9, '2025-09-27 03:47:00', 135.00, 'Delivered'),
(117, 12, '2025-09-10 02:47:00', 285.00, 'Packed'),
(118, 17, '2025-09-12 09:29:00', 335.00, 'Pending'),
(119, 17, '2025-09-27 05:07:00', 382.50, 'Delivered'),
(120, 21, '2025-09-11 09:30:00', 475.00, 'Delivered'),
(121, 20, '2025-09-01 09:19:00', 460.00, 'Delivered'),
(122, 10, '2025-09-12 07:01:00', 45.00, 'Delivered'),
(123, 19, '2025-10-04 13:27:00', 75.00, 'Delivered'),
(124, 18, '2025-10-20 02:51:00', 410.00, 'Delivered'),
(125, 9, '2025-10-27 11:23:00', 425.00, 'Delivered'),
(126, 17, '2025-10-28 11:41:00', 300.00, 'Delivered'),
(127, 20, '2025-10-22 04:58:00', 330.00, 'Delivered'),
(128, 15, '2025-10-22 06:09:00', 225.00, 'Delivered'),
(129, 21, '2025-10-14 03:06:00', 115.00, 'Packed'),
(130, 16, '2025-10-14 12:16:00', 100.00, 'Delivered'),
(131, 21, '2025-10-15 04:27:00', 545.00, 'Delivered'),
(132, 12, '2025-10-21 12:46:00', 865.00, 'Delivered'),
(133, 13, '2025-10-03 04:50:00', 597.50, 'Delivered'),
(134, 18, '2025-10-05 14:04:00', 140.00, 'Delivered'),
(135, 18, '2025-11-13 02:38:00', 45.00, 'Delivered'),
(136, 13, '2025-11-02 09:53:00', 107.50, 'Delivered'),
(137, 20, '2025-11-20 03:34:00', 307.50, 'Delivered'),
(138, 14, '2025-11-21 11:22:00', 240.00, 'Pending'),
(139, 21, '2025-11-13 12:29:00', 180.00, 'Delivered'),
(140, 12, '2025-11-05 11:29:00', 130.00, 'Delivered'),
(141, 16, '2025-11-17 07:41:00', 130.00, 'Delivered'),
(142, 16, '2025-11-07 10:19:00', 315.00, 'Delivered'),
(143, 10, '2025-11-10 13:13:00', 140.00, 'Delivered'),
(144, 15, '2025-11-11 10:44:00', 65.00, 'Delivered'),
(145, 19, '2025-11-23 11:13:00', 30.00, 'Delivered'),
(146, 20, '2025-11-27 05:25:00', 410.00, 'Delivered'),
(147, 10, '2025-12-14 14:47:00', 75.00, 'Delivered'),
(148, 13, '2025-12-10 11:15:00', 50.00, 'Delivered'),
(149, 13, '2025-12-20 03:41:00', 165.00, 'Delivered'),
(150, 18, '2025-12-18 12:55:00', 420.00, 'Pending'),
(151, 19, '2025-12-13 06:36:00', 215.00, 'Delivered'),
(152, 14, '2025-12-23 07:13:00', 532.50, 'Delivered'),
(153, 12, '2025-12-07 07:59:00', 100.00, 'Delivered'),
(154, 18, '2025-12-27 10:43:00', 375.00, 'Delivered'),
(155, 9, '2025-12-11 12:05:00', 47.50, 'Delivered'),
(156, 20, '2025-12-18 03:15:00', 427.50, 'Delivered'),
(157, 9, '2025-12-15 04:34:00', 205.00, 'Delivered'),
(158, 17, '2025-12-02 03:18:00', 215.00, 'Delivered'),
(159, 16, '2025-12-06 06:53:00', 175.00, 'Delivered'),
(160, 10, '2025-12-24 06:49:02', 100.00, 'Delivered'),
(161, 10, '2025-12-24 11:47:14', 150.00, 'Pending');

-- --------------------------------------------------------

--
-- Table structure for table `order_items`
--

DROP TABLE IF EXISTS `order_items`;
CREATE TABLE IF NOT EXISTS `order_items` (
  `order_item_id` int NOT NULL AUTO_INCREMENT,
  `order_id` int NOT NULL,
  `product_id` int NOT NULL,
  `quantity` decimal(10,2) NOT NULL,
  `price` decimal(10,2) NOT NULL,
  PRIMARY KEY (`order_item_id`),
  KEY `order_id` (`order_id`),
  KEY `product_id` (`product_id`)
) ENGINE=MyISAM AUTO_INCREMENT=387 DEFAULT CHARSET=utf8mb4 COLLATE=utf8mb4_0900_ai_ci;

--
-- Dumping data for table `order_items`
--

INSERT INTO `order_items` (`order_item_id`, `order_id`, `product_id`, `quantity`, `price`) VALUES
(1, 1, 1, 3.00, 30.00),
(2, 1, 2, 4.00, 25.00),
(3, 2, 4, 5.00, 50.00),
(4, 2, 5, 3.00, 45.00),
(5, 3, 6, 2.00, 35.00),
(6, 3, 7, 4.00, 30.00),
(7, 4, 8, 3.00, 55.00),
(8, 4, 9, 4.00, 45.00),
(9, 5, 10, 2.00, 60.00),
(10, 5, 11, 3.00, 40.00),
(11, 6, 12, 2.00, 55.00),
(12, 6, 13, 5.00, 35.00),
(13, 7, 14, 4.00, 30.00),
(14, 7, 15, 3.00, 45.00),
(15, 8, 16, 2.00, 40.00),
(16, 8, 17, 3.00, 50.00),
(17, 9, 18, 4.00, 35.00),
(18, 9, 19, 3.00, 25.00),
(19, 10, 20, 5.00, 20.00),
(20, 10, 21, 6.00, 15.00),
(21, 11, 22, 4.00, 15.00),
(22, 11, 23, 3.00, 60.00),
(23, 12, 24, 2.00, 55.00),
(24, 12, 25, 3.00, 70.00),
(25, 13, 26, 2.00, 80.00),
(26, 13, 27, 3.00, 65.00),
(27, 14, 28, 1.00, 90.00),
(28, 14, 29, 4.00, 40.00),
(29, 15, 30, 5.00, 35.00),
(30, 15, 31, 3.00, 30.00),
(31, 16, 32, 2.00, 50.00),
(32, 16, 33, 3.00, 45.00),
(33, 17, 34, 4.00, 40.00),
(34, 17, 35, 3.00, 30.00),
(35, 18, 36, 5.00, 35.00),
(36, 18, 37, 3.00, 45.00),
(37, 19, 38, 2.00, 60.00),
(38, 19, 39, 3.00, 50.00),
(39, 20, 40, 1.00, 95.00),
(40, 20, 1, 5.00, 30.00),
(41, 21, 1, 2.00, 30.00),
(42, 21, 3, 2.00, 40.00),
(43, 21, 11, 2.00, 40.00),
(44, 22, 2, 1.00, 25.00),
(45, 23, 1, 1.00, 30.00),
(46, 23, 3, 1.00, 40.00),
(47, 24, 34, 1.00, 40.00),
(48, 25, 4, 2.00, 50.00),
(49, 26, 1, 2.00, 30.00),
(50, 27, 20, 5.00, 20.00),
(51, 27, 33, 1.00, 45.00),
(52, 28, 5, 5.00, 45.00),
(53, 28, 15, 3.00, 45.00),
(54, 28, 38, 0.50, 60.00),
(55, 28, 29, 5.00, 40.00),
(56, 29, 15, 2.00, 45.00),
(57, 29, 22, 1.00, 15.00),
(58, 29, 28, 5.00, 90.00),
(59, 29, 4, 1.00, 50.00),
(60, 30, 21, 3.00, 15.00),
(61, 30, 25, 1.00, 70.00),
(62, 31, 37, 1.00, 45.00),
(63, 31, 9, 3.00, 45.00),
(64, 31, 36, 5.00, 35.00),
(65, 31, 8, 3.00, 55.00),
(66, 32, 2, 1.00, 25.00),
(67, 32, 41, 2.00, 45.00),
(68, 32, 4, 2.00, 50.00),
(69, 33, 41, 1.00, 45.00),
(70, 33, 27, 2.00, 65.00),
(71, 34, 5, 0.50, 45.00),
(72, 34, 6, 1.00, 35.00),
(73, 35, 16, 0.50, 40.00),
(74, 35, 6, 3.00, 35.00),
(75, 35, 33, 1.00, 45.00),
(76, 35, 18, 3.00, 35.00),
(77, 36, 27, 5.00, 65.00),
(78, 36, 13, 2.00, 35.00),
(79, 36, 33, 1.00, 45.00),
(80, 36, 23, 2.00, 60.00),
(81, 37, 6, 5.00, 35.00),
(82, 37, 19, 2.00, 25.00),
(83, 37, 31, 3.00, 30.00),
(84, 38, 12, 3.00, 55.00),
(85, 39, 26, 0.50, 80.00),
(86, 39, 38, 3.00, 60.00),
(87, 39, 37, 5.00, 45.00),
(88, 39, 32, 0.50, 50.00),
(89, 40, 18, 0.50, 35.00),
(90, 41, 36, 1.00, 35.00),
(91, 41, 27, 5.00, 65.00),
(92, 41, 21, 3.00, 15.00),
(93, 41, 24, 3.00, 55.00),
(94, 42, 36, 2.00, 35.00),
(95, 42, 18, 1.00, 35.00),
(96, 42, 14, 1.00, 30.00),
(97, 42, 10, 0.50, 60.00),
(98, 43, 23, 1.00, 60.00),
(99, 43, 32, 3.00, 50.00),
(100, 44, 41, 3.00, 45.00),
(101, 45, 9, 0.50, 45.00),
(102, 45, 8, 2.00, 55.00),
(103, 46, 3, 3.00, 40.00),
(104, 47, 34, 2.00, 40.00),
(105, 47, 28, 5.00, 90.00),
(106, 47, 25, 1.00, 70.00),
(107, 48, 13, 0.50, 35.00),
(108, 48, 41, 1.00, 45.00),
(109, 48, 9, 2.00, 45.00),
(110, 48, 3, 0.50, 40.00),
(111, 49, 5, 1.00, 45.00),
(112, 49, 23, 2.00, 60.00),
(113, 49, 13, 3.00, 35.00),
(114, 49, 37, 5.00, 45.00),
(115, 50, 10, 0.50, 60.00),
(116, 50, 40, 3.00, 95.00),
(117, 51, 2, 5.00, 25.00),
(118, 51, 3, 5.00, 40.00),
(119, 52, 11, 5.00, 40.00),
(120, 53, 20, 0.50, 20.00),
(121, 54, 6, 2.00, 35.00),
(122, 54, 38, 3.00, 60.00),
(123, 54, 25, 3.00, 70.00),
(124, 54, 26, 1.00, 80.00),
(125, 55, 17, 2.00, 50.00),
(126, 55, 1, 1.00, 30.00),
(127, 56, 16, 0.50, 40.00),
(128, 56, 10, 1.00, 60.00),
(129, 56, 9, 5.00, 45.00),
(130, 57, 6, 0.50, 35.00),
(131, 57, 37, 2.00, 45.00),
(132, 57, 22, 3.00, 15.00),
(133, 57, 23, 0.50, 60.00),
(134, 58, 29, 5.00, 40.00),
(135, 58, 6, 5.00, 35.00),
(136, 58, 26, 2.00, 80.00),
(137, 58, 17, 0.50, 50.00),
(138, 59, 18, 3.00, 35.00),
(139, 59, 32, 1.00, 50.00),
(140, 60, 34, 0.50, 40.00),
(141, 61, 4, 2.00, 50.00),
(142, 61, 38, 0.50, 60.00),
(143, 61, 36, 1.00, 35.00),
(144, 62, 29, 2.00, 40.00),
(145, 63, 33, 2.00, 45.00),
(146, 64, 8, 1.00, 55.00),
(147, 64, 33, 5.00, 45.00),
(148, 64, 20, 0.50, 20.00),
(149, 64, 11, 0.50, 40.00),
(150, 65, 40, 2.00, 95.00),
(151, 66, 11, 2.00, 40.00),
(152, 66, 12, 3.00, 55.00),
(153, 66, 19, 2.00, 25.00),
(154, 67, 5, 1.00, 45.00),
(155, 67, 32, 1.00, 50.00),
(156, 67, 11, 2.00, 40.00),
(157, 67, 9, 0.50, 45.00),
(158, 68, 2, 1.00, 25.00),
(159, 68, 11, 0.50, 40.00),
(160, 69, 37, 1.00, 45.00),
(161, 69, 19, 2.00, 25.00),
(162, 70, 15, 0.50, 45.00),
(163, 70, 36, 0.50, 35.00),
(164, 70, 31, 2.00, 30.00),
(165, 70, 13, 3.00, 35.00),
(166, 71, 9, 2.00, 45.00),
(167, 71, 41, 3.00, 45.00),
(168, 72, 16, 0.50, 40.00),
(169, 72, 11, 1.00, 40.00),
(170, 72, 19, 0.50, 25.00),
(171, 73, 35, 3.00, 30.00),
(172, 74, 14, 5.00, 30.00),
(173, 74, 26, 5.00, 80.00),
(174, 75, 6, 5.00, 35.00),
(175, 75, 2, 5.00, 25.00),
(176, 76, 3, 3.00, 40.00),
(177, 76, 36, 1.00, 35.00),
(178, 77, 7, 5.00, 30.00),
(179, 77, 24, 3.00, 55.00),
(180, 78, 19, 2.00, 25.00),
(181, 78, 17, 0.50, 50.00),
(182, 78, 34, 1.00, 40.00),
(183, 78, 18, 1.00, 35.00),
(184, 79, 29, 0.50, 40.00),
(185, 79, 11, 3.00, 40.00),
(186, 79, 10, 3.00, 60.00),
(187, 79, 30, 2.00, 35.00),
(188, 80, 23, 3.00, 60.00),
(189, 81, 21, 5.00, 15.00),
(190, 81, 11, 5.00, 40.00),
(191, 82, 24, 3.00, 55.00),
(192, 82, 14, 5.00, 30.00),
(193, 82, 31, 5.00, 30.00),
(194, 82, 41, 0.50, 45.00),
(195, 83, 22, 2.00, 15.00),
(196, 83, 7, 3.00, 30.00),
(197, 84, 35, 0.50, 30.00),
(198, 84, 40, 0.50, 95.00),
(199, 84, 26, 3.00, 80.00),
(200, 85, 39, 2.00, 50.00),
(201, 85, 32, 3.00, 50.00),
(202, 85, 19, 3.00, 25.00),
(203, 85, 28, 0.50, 90.00),
(204, 86, 29, 3.00, 40.00),
(205, 86, 38, 0.50, 60.00),
(206, 86, 5, 3.00, 45.00),
(207, 87, 20, 1.00, 20.00),
(208, 88, 39, 1.00, 50.00),
(209, 88, 10, 1.00, 60.00),
(210, 89, 8, 3.00, 55.00),
(211, 89, 37, 1.00, 45.00),
(212, 90, 31, 0.50, 30.00),
(213, 91, 7, 3.00, 30.00),
(214, 91, 13, 1.00, 35.00),
(215, 91, 24, 1.00, 55.00),
(216, 92, 17, 5.00, 50.00),
(217, 92, 2, 2.00, 25.00),
(218, 92, 20, 1.00, 20.00),
(219, 93, 25, 1.00, 70.00),
(220, 93, 9, 1.00, 45.00),
(221, 94, 23, 3.00, 60.00),
(222, 94, 31, 5.00, 30.00),
(223, 94, 32, 3.00, 50.00),
(224, 95, 24, 2.00, 55.00),
(225, 95, 35, 1.00, 30.00),
(226, 96, 4, 3.00, 50.00),
(227, 96, 39, 5.00, 50.00),
(228, 96, 36, 0.50, 35.00),
(229, 96, 17, 1.00, 50.00),
(230, 97, 26, 5.00, 80.00),
(231, 97, 6, 0.50, 35.00),
(232, 97, 11, 1.00, 40.00),
(233, 97, 8, 3.00, 55.00),
(234, 98, 24, 1.00, 55.00),
(235, 98, 38, 0.50, 60.00),
(236, 98, 16, 3.00, 40.00),
(237, 98, 40, 5.00, 95.00),
(238, 99, 12, 5.00, 55.00),
(239, 99, 19, 2.00, 25.00),
(240, 99, 3, 5.00, 40.00),
(241, 100, 31, 0.50, 30.00),
(242, 100, 25, 1.00, 70.00),
(243, 101, 23, 3.00, 60.00),
(244, 101, 26, 0.50, 80.00),
(245, 102, 22, 2.00, 15.00),
(246, 102, 36, 3.00, 35.00),
(247, 103, 7, 5.00, 30.00),
(248, 103, 30, 5.00, 35.00),
(249, 103, 1, 0.50, 30.00),
(250, 104, 35, 5.00, 30.00),
(251, 104, 20, 5.00, 20.00),
(252, 104, 11, 2.00, 40.00),
(253, 105, 32, 0.50, 50.00),
(254, 106, 8, 5.00, 55.00),
(255, 107, 11, 5.00, 40.00),
(256, 107, 38, 2.00, 60.00),
(257, 107, 31, 0.50, 30.00),
(258, 107, 39, 3.00, 50.00),
(259, 108, 34, 3.00, 40.00),
(260, 108, 2, 1.00, 25.00),
(261, 108, 10, 2.00, 60.00),
(262, 109, 3, 3.00, 40.00),
(263, 110, 16, 2.00, 40.00),
(264, 110, 31, 2.00, 30.00),
(265, 110, 10, 3.00, 60.00),
(266, 111, 3, 3.00, 40.00),
(267, 112, 25, 3.00, 70.00),
(268, 112, 4, 2.00, 50.00),
(269, 112, 30, 3.00, 35.00),
(270, 112, 1, 2.00, 30.00),
(271, 113, 8, 3.00, 55.00),
(272, 114, 3, 0.50, 40.00),
(273, 114, 16, 1.00, 40.00),
(274, 114, 30, 2.00, 35.00),
(275, 114, 6, 1.00, 35.00),
(276, 115, 35, 2.00, 30.00),
(277, 115, 22, 1.00, 15.00),
(278, 115, 4, 1.00, 50.00),
(279, 116, 41, 3.00, 45.00),
(280, 117, 40, 3.00, 95.00),
(281, 118, 6, 1.00, 35.00),
(282, 118, 2, 5.00, 25.00),
(283, 118, 18, 5.00, 35.00),
(284, 119, 26, 1.00, 80.00),
(285, 119, 18, 3.00, 35.00),
(286, 119, 39, 3.00, 50.00),
(287, 119, 40, 0.50, 95.00),
(288, 120, 40, 5.00, 95.00),
(289, 121, 5, 5.00, 45.00),
(290, 121, 16, 5.00, 40.00),
(291, 121, 13, 1.00, 35.00),
(292, 122, 9, 1.00, 45.00),
(293, 123, 29, 0.50, 40.00),
(294, 123, 22, 2.00, 15.00),
(295, 123, 4, 0.50, 50.00),
(296, 124, 22, 1.00, 15.00),
(297, 124, 11, 3.00, 40.00),
(298, 124, 27, 3.00, 65.00),
(299, 124, 29, 2.00, 40.00),
(300, 125, 32, 0.50, 50.00),
(301, 125, 18, 5.00, 35.00),
(302, 125, 27, 3.00, 65.00),
(303, 125, 1, 1.00, 30.00),
(304, 126, 26, 2.00, 80.00),
(305, 126, 3, 0.50, 40.00),
(306, 126, 23, 2.00, 60.00),
(307, 127, 4, 3.00, 50.00),
(308, 127, 10, 3.00, 60.00),
(309, 128, 1, 3.00, 30.00),
(310, 128, 15, 3.00, 45.00),
(311, 129, 7, 2.00, 30.00),
(312, 129, 17, 0.50, 50.00),
(313, 129, 23, 0.50, 60.00),
(314, 130, 29, 1.00, 40.00),
(315, 130, 10, 1.00, 60.00),
(316, 131, 30, 2.00, 35.00),
(317, 131, 36, 5.00, 35.00),
(318, 131, 10, 5.00, 60.00),
(319, 132, 7, 3.00, 30.00),
(320, 132, 39, 2.00, 50.00),
(321, 132, 40, 5.00, 95.00),
(322, 132, 16, 5.00, 40.00),
(323, 133, 10, 5.00, 60.00),
(324, 133, 37, 3.00, 45.00),
(325, 133, 33, 0.50, 45.00),
(326, 133, 25, 2.00, 70.00),
(327, 134, 19, 5.00, 25.00),
(328, 134, 7, 0.50, 30.00),
(329, 135, 37, 1.00, 45.00),
(330, 136, 12, 0.50, 55.00),
(331, 136, 20, 2.00, 20.00),
(332, 136, 29, 1.00, 40.00),
(333, 137, 20, 0.50, 20.00),
(334, 137, 24, 5.00, 55.00),
(335, 137, 9, 0.50, 45.00),
(336, 138, 26, 0.50, 80.00),
(337, 138, 29, 5.00, 40.00),
(338, 139, 35, 2.00, 30.00),
(339, 139, 5, 2.00, 45.00),
(340, 139, 10, 0.50, 60.00),
(341, 140, 34, 2.00, 40.00),
(342, 140, 2, 2.00, 25.00),
(343, 141, 16, 3.00, 40.00),
(344, 141, 20, 0.50, 20.00),
(345, 142, 2, 2.00, 25.00),
(346, 142, 41, 3.00, 45.00),
(347, 142, 27, 2.00, 65.00),
(348, 143, 25, 2.00, 70.00),
(349, 144, 27, 1.00, 65.00),
(350, 145, 14, 1.00, 30.00),
(351, 146, 15, 3.00, 45.00),
(352, 146, 12, 5.00, 55.00),
(353, 147, 19, 3.00, 25.00),
(354, 148, 4, 1.00, 50.00),
(355, 149, 21, 3.00, 15.00),
(356, 149, 34, 3.00, 40.00),
(357, 150, 21, 2.00, 15.00),
(358, 150, 28, 3.00, 90.00),
(359, 150, 29, 3.00, 40.00),
(360, 151, 9, 2.00, 45.00),
(361, 151, 13, 3.00, 35.00),
(362, 151, 11, 0.50, 40.00),
(363, 152, 41, 1.00, 45.00),
(364, 152, 2, 0.50, 25.00),
(365, 152, 15, 5.00, 45.00),
(366, 152, 32, 5.00, 50.00),
(367, 153, 17, 2.00, 50.00),
(368, 154, 27, 3.00, 65.00),
(369, 154, 10, 3.00, 60.00),
(370, 155, 8, 0.50, 55.00),
(371, 155, 16, 0.50, 40.00),
(372, 156, 7, 5.00, 30.00),
(373, 156, 16, 5.00, 40.00),
(374, 156, 40, 0.50, 95.00),
(375, 156, 22, 2.00, 15.00),
(376, 157, 31, 3.00, 30.00),
(377, 157, 18, 2.00, 35.00),
(378, 157, 33, 1.00, 45.00),
(379, 158, 5, 3.00, 45.00),
(380, 158, 21, 2.00, 15.00),
(381, 158, 19, 2.00, 25.00),
(382, 159, 29, 1.00, 40.00),
(383, 159, 14, 1.00, 30.00),
(384, 159, 6, 3.00, 35.00),
(385, 160, 2, 4.00, 25.00),
(386, 161, 4, 3.00, 50.00);

-- --------------------------------------------------------

--
-- Table structure for table `products`
--

DROP TABLE IF EXISTS `products`;
CREATE TABLE IF NOT EXISTS `products` (
  `product_id` int NOT NULL AUTO_INCREMENT,
  `farmer_id` int NOT NULL,
  `product_name` varchar(100) NOT NULL,
  `price` decimal(10,2) NOT NULL,
  `quantity` decimal(10,2) NOT NULL,
  `created_at` timestamp NULL DEFAULT CURRENT_TIMESTAMP,
  PRIMARY KEY (`product_id`),
  KEY `farmer_id` (`farmer_id`)
) ENGINE=MyISAM AUTO_INCREMENT=42 DEFAULT CHARSET=utf8mb4 COLLATE=utf8mb4_0900_ai_ci;

--
-- Dumping data for table `products`
--

INSERT INTO `products` (`product_id`, `farmer_id`, `product_name`, `price`, `quantity`, `created_at`) VALUES
(1, 2, 'Tomato', 12.00, 115.00, '2025-12-23 12:43:17'),
(2, 2, 'Potato', 32.00, 195.00, '2025-12-23 12:43:17'),
(3, 2, 'Onion', 40.00, 147.00, '2025-12-23 12:43:17'),
(4, 3, 'Carrot', 50.00, 85.00, '2025-12-23 12:43:17'),
(5, 3, 'Beetroot', 45.00, 70.00, '2025-12-23 12:43:17'),
(6, 3, 'Radish', 35.00, 60.00, '2025-12-23 12:43:17'),
(7, 4, 'Cabbage', 30.00, 80.00, '2025-12-23 12:43:17'),
(8, 4, 'Cauliflower', 55.00, 60.00, '2025-12-23 12:43:17'),
(9, 4, 'Brinjal', 45.00, 100.00, '2025-12-23 12:43:17'),
(10, 5, 'Capsicum', 60.00, 70.00, '2025-12-23 12:43:17'),
(11, 5, 'Green Beans', 40.00, 88.00, '2025-12-23 12:43:17'),
(12, 5, 'Peas', 55.00, 65.00, '2025-12-23 12:43:17'),
(13, 6, 'Pumpkin', 35.00, 110.00, '2025-12-23 12:43:17'),
(14, 6, 'Bottle Gourd', 30.00, 85.00, '2025-12-23 12:43:17'),
(15, 6, 'Bitter Gourd', 45.00, 75.00, '2025-12-23 12:43:17'),
(16, 7, 'Snake Gourd', 40.00, 60.00, '2025-12-23 12:43:17'),
(17, 7, 'Drumstick', 50.00, 55.00, '2025-12-23 12:43:17'),
(18, 7, 'Sweet Corn', 35.00, 95.00, '2025-12-23 12:43:17'),
(19, 2, 'Spinach', 25.00, 120.00, '2025-12-23 12:43:17'),
(20, 3, 'Fenugreek', 20.00, 100.00, '2025-12-23 12:43:17'),
(21, 4, 'Coriander', 15.00, 150.00, '2025-12-23 12:43:17'),
(22, 5, 'Mint', 15.00, 140.00, '2025-12-23 12:43:17'),
(23, 6, 'Garlic', 60.00, 90.00, '2025-12-23 12:43:17'),
(24, 7, 'Ginger', 55.00, 85.00, '2025-12-23 12:43:17'),
(25, 2, 'Chilli', 70.00, 75.00, '2025-12-23 12:43:17'),
(26, 3, 'Mushroom', 80.00, 60.00, '2025-12-23 12:43:17'),
(27, 4, 'Zucchini', 65.00, 50.00, '2025-12-23 12:43:17'),
(28, 5, 'Broccoli', 90.00, 45.00, '2025-12-23 12:43:17'),
(29, 6, 'Lettuce', 40.00, 85.00, '2025-12-23 12:43:17'),
(30, 7, 'Spring Onion', 35.00, 90.00, '2025-12-23 12:43:17'),
(31, 2, 'Turnip', 30.00, 70.00, '2025-12-23 12:43:17'),
(32, 3, 'Yam', 50.00, 65.00, '2025-12-23 12:43:17'),
(33, 4, 'Cluster Beans', 45.00, 80.00, '2025-12-23 12:43:17'),
(34, 5, 'Ridge Gourd', 40.00, 74.00, '2025-12-23 12:43:17'),
(35, 6, 'Ash Gourd', 30.00, 95.00, '2025-12-23 12:43:17'),
(36, 7, 'Raw Banana', 35.00, 85.00, '2025-12-23 12:43:17'),
(37, 2, 'Okra', 45.00, 90.00, '2025-12-23 12:43:17'),
(38, 3, 'Celery', 60.00, 55.00, '2025-12-23 12:43:17'),
(39, 4, 'Kohlrabi', 50.00, 50.00, '2025-12-23 12:43:17'),
(40, 5, 'Artichoke', 95.00, 40.00, '2025-12-23 12:43:17'),
(41, 2, 'Ladies Finger', 45.00, 100.00, '2025-12-23 16:46:24');

-- --------------------------------------------------------

--
-- Table structure for table `ratings`
--

DROP TABLE IF EXISTS `ratings`;
CREATE TABLE IF NOT EXISTS `ratings` (
  `rating_id` int NOT NULL AUTO_INCREMENT,
  `order_id` int NOT NULL,
  `farmer_id` int NOT NULL,
  `rating` tinyint(1) NOT NULL,
  `created_at` timestamp NULL DEFAULT CURRENT_TIMESTAMP,
  PRIMARY KEY (`rating_id`),
  KEY `order_id` (`order_id`),
  KEY `farmer_id` (`farmer_id`)
) ENGINE=MyISAM AUTO_INCREMENT=15 DEFAULT CHARSET=utf8mb4 COLLATE=utf8mb4_0900_ai_ci;

--
-- Dumping data for table `ratings`
--

INSERT INTO `ratings` (`rating_id`, `order_id`, `farmer_id`, `rating`, `created_at`) VALUES
(1, 2, 3, 5, '2025-12-23 14:07:10'),
(2, 5, 5, 4, '2025-12-23 14:07:10'),
(3, 8, 7, 5, '2025-12-23 14:07:10'),
(4, 11, 5, 3, '2025-12-23 14:07:10'),
(5, 11, 6, 4, '2025-12-23 14:07:10'),
(6, 14, 5, 5, '2025-12-23 14:07:10'),
(7, 14, 6, 2, '2025-12-23 14:07:10'),
(8, 17, 2, 4, '2025-12-23 14:07:10'),
(9, 20, 5, 5, '2025-12-23 14:07:10'),
(10, 2, 3, 4, '2025-12-23 14:07:10'),
(11, 23, 2, 3, '2025-12-23 14:08:26'),
(12, 26, 2, 3, '2025-12-24 04:24:56'),
(13, 147, 2, 3, '2025-12-24 06:49:24'),
(14, 160, 2, 3, '2025-12-24 11:48:27');

-- --------------------------------------------------------

--
-- Table structure for table `users`
--

DROP TABLE IF EXISTS `users`;
CREATE TABLE IF NOT EXISTS `users` (
  `user_id` int NOT NULL AUTO_INCREMENT,
  `name` varchar(100) NOT NULL,
  `email` varchar(100) NOT NULL,
  `password` varchar(255) NOT NULL,
  `role` enum('farmer','consumer','admin') NOT NULL,
  `location` varchar(255) DEFAULT NULL,
  `is_verified` tinyint(1) DEFAULT '0',
  `created_at` timestamp NULL DEFAULT CURRENT_TIMESTAMP,
  `average_rating` decimal(3,2) DEFAULT '0.00',
  PRIMARY KEY (`user_id`),
  UNIQUE KEY `email` (`email`)
) ENGINE=MyISAM AUTO_INCREMENT=22 DEFAULT CHARSET=utf8mb4 COLLATE=utf8mb4_0900_ai_ci;

--
-- Dumping data for table `users`
--

INSERT INTO `users` (`user_id`, `name`, `email`, `password`, `role`, `location`, `is_verified`, `created_at`, `average_rating`) VALUES
(1, 'Super Admin', 'admin@farm2society.com', '$2y$10$92IXUNpkjO0rOQ5byMi.Ye4oKoEa3Ro9llC/.og/at2.uheWG/igi', 'admin', NULL, 1, '2025-12-23 12:38:22', 0.00),
(2, 'Ramesh Kumar', 'ramesh.kumar@gmail.com', '$2y$10$92IXUNpkjO0rOQ5byMi.Ye4oKoEa3Ro9llC/.og/at2.uheWG/igi', 'farmer', 'Salem', 1, '2025-12-23 12:41:29', 3.20),
(3, 'Suresh', 'suresh@gmail.com', '$2y$10$92IXUNpkjO0rOQ5byMi.Ye4oKoEa3Ro9llC/.og/at2.uheWG/igi', 'farmer', 'Erode', 1, '2025-12-23 12:41:29', 4.50),
(4, 'Mahesh', 'mahesh@gmail.com', '$2y$10$92IXUNpkjO0rOQ5byMi.Ye4oKoEa3Ro9llC/.og/at2.uheWG/igi', 'farmer', 'Namakkal', 1, '2025-12-23 12:41:29', 0.00),
(5, 'Karthik', 'karthik@gmail.com', '$2y$10$92IXUNpkjO0rOQ5byMi.Ye4oKoEa3Ro9llC/.og/at2.uheWG/igi', 'farmer', 'Trichy', 1, '2025-12-23 12:41:29', 4.25),
(6, 'Velmurugan', 'velmurugan@gmail.com', '$2y$10$92IXUNpkjO0rOQ5byMi.Ye4oKoEa3Ro9llC/.og/at2.uheWG/igi', 'farmer', 'Madurai', 1, '2025-12-23 12:41:29', 3.00),
(7, 'Arun', 'arun.farmer@gmail.com', '$2y$10$92IXUNpkjO0rOQ5byMi.Ye4oKoEa3Ro9llC/.og/at2.uheWG/igi', 'farmer', 'Coimbatore', 1, '2025-12-23 12:41:29', 5.00),
(8, 'Bala', 'bala@gmail.com', '$2y$10$92IXUNpkjO0rOQ5byMi.Ye4oKoEa3Ro9llC/.og/at2.uheWG/igi', 'farmer', 'Tiruppur', 1, '2025-12-23 12:41:29', 0.00),
(9, 'Anita', 'anita@gmail.com', '$2y$10$92IXUNpkjO0rOQ5byMi.Ye4oKoEa3Ro9llC/.og/at2.uheWG/igi', 'consumer', 'Chennai', 0, '2025-12-23 12:41:29', 0.00),
(10, 'Priya', 'priya@gmail.com', '$2y$10$92IXUNpkjO0rOQ5byMi.Ye4oKoEa3Ro9llC/.og/at2.uheWG/igi', 'consumer', 'Chennai', 0, '2025-12-23 12:41:29', 0.00),
(11, 'Rahul', 'rahul@gmail.com', '$2y$10$92IXUNpkjO0rOQ5byMi.Ye4oKoEa3Ro9llC/.og/at2.uheWG/igi', 'consumer', 'Chennai', 0, '2025-12-23 12:41:29', 0.00),
(12, 'Divya', 'divya@gmail.com', '$2y$10$92IXUNpkjO0rOQ5byMi.Ye4oKoEa3Ro9llC/.og/at2.uheWG/igi', 'consumer', 'Chennai', 0, '2025-12-23 12:41:29', 0.00),
(13, 'Arun', 'arun.c@gmail.com', '$2y$10$92IXUNpkjO0rOQ5byMi.Ye4oKoEa3Ro9llC/.og/at2.uheWG/igi', 'consumer', 'Chennai', 0, '2025-12-23 12:41:29', 0.00),
(14, 'Kavya', 'kavya@gmail.com', '$2y$10$92IXUNpkjO0rOQ5byMi.Ye4oKoEa3Ro9llC/.og/at2.uheWG/igi', 'consumer', 'Chennai', 0, '2025-12-23 12:41:29', 0.00),
(15, 'Naveen', 'naveen@gmail.com', '$2y$10$92IXUNpkjO0rOQ5byMi.Ye4oKoEa3Ro9llC/.og/at2.uheWG/igi', 'consumer', 'Chennai', 0, '2025-12-23 12:41:29', 0.00),
(16, 'Meena', 'meena@gmail.com', '$2y$10$92IXUNpkjO0rOQ5byMi.Ye4oKoEa3Ro9llC/.og/at2.uheWG/igi', 'consumer', 'Chennai', 0, '2025-12-23 12:41:29', 0.00),
(17, 'Rohit', 'rohit@gmail.com', '$2y$10$92IXUNpkjO0rOQ5byMi.Ye4oKoEa3Ro9llC/.og/at2.uheWG/igi', 'consumer', 'Chennai', 0, '2025-12-23 12:41:29', 0.00),
(18, 'Pooja', 'pooja@gmail.com', '$2y$10$92IXUNpkjO0rOQ5byMi.Ye4oKoEa3Ro9llC/.og/at2.uheWG/igi', 'consumer', 'Chennai', 0, '2025-12-23 12:41:29', 0.00),
(19, 'Sanjay', 'sanjay@gmail.com', '$2y$10$92IXUNpkjO0rOQ5byMi.Ye4oKoEa3Ro9llC/.og/at2.uheWG/igi', 'consumer', 'Chennai', 0, '2025-12-23 12:41:29', 0.00),
(20, 'Keerthi', 'keerthi@gmail.com', '$2y$10$92IXUNpkjO0rOQ5byMi.Ye4oKoEa3Ro9llC/.og/at2.uheWG/igi', 'consumer', 'Chennai', 0, '2025-12-23 12:41:29', 0.00),
(21, 'Vikram', 'vikram@gmail.com', '$2y$10$92IXUNpkjO0rOQ5byMi.Ye4oKoEa3Ro9llC/.og/at2.uheWG/igi', 'consumer', 'Chennai', 0, '2025-12-23 12:41:29', 0.00);
COMMIT;

/*!40101 SET CHARACTER_SET_CLIENT=@OLD_CHARACTER_SET_CLIENT */;
/*!40101 SET CHARACTER_SET_RESULTS=@OLD_CHARACTER_SET_RESULTS */;
/*!40101 SET COLLATION_CONNECTION=@OLD_COLLATION_CONNECTION */;
